id;event_title;event_date;description
1;Tuna integrated deposit;2022-01-26T17:32:24;Technician bluetooth
2;THX SDD;2022-01-26T09:23:17;generating
3;out-of-the-box Shoes Oval;2022-01-26T14:50:28;Tools
4;Home;2022-01-26T07:59:00;Chicken Paradigm
5;Corporate connecting up;2022-01-26T08:00:57;upward-trending Frozen
6;Checking calculate;2022-01-26T19:40:48;quantify discrete Gorgeous
7;Factors RSS maximize;2022-01-26T16:58:57;Advanced Avon
8;Lats;2022-01-26T14:27:19;green Down-sized
9;Nauru auxiliary Direct;2022-01-26T23:15:31;Team-oriented
10;Vatu;2022-01-26T15:04:03;Computer International Table
