id;first_name;last_name;sex;dob;place_of_birth;personal_phone_number;personal_email;permanent_address;temporary_address;id_number;id_issued_date;id_issued_location;social_insurance_number;tax_identification_number;qualification;employee_id
1;Ayana;MacGyver;FEMALE;2022-01-26T08:46:56;utilize;Togo architectures;Tools visualize Fantastic;navigate Towels;Buckinghamshire bypass;time-frame;2022-01-26T12:25:39;Investor Wyoming connect;panel;model;Kyrgyz New Tactics;1
2;Nicolas;DuBuque;MALE;2022-01-26T20:23:43;Mobility cyan;Paradigm Security Avon;intermediate eyeballs;Generic;Loan dedicated array;Road Consultant withdrawal;2022-01-26T12:44:07;Fish Buckinghamshire;Corporate;Generic;Credit Gorgeous synergies;2
3;Clifford;Prohaska;NONE;2022-01-26T09:34:42;fuchsia;Concrete Small;bandwidth;Future Concrete blue;Dynamic;e-business Ergonomic customized;2022-01-26T21:18:10;Ball Tasty haptic;paradigms PCI Loan;Pataca port Unbranded;connecting Wooden;3
4;Gerardo;Lang;MALE;2022-01-26T08:25:46;Data platforms;SAS Health;software;Kuwaiti Intelligent application;full-range robust;compelling;2022-01-26T11:07:17;dedicated;Mississippi extend;Intuitive;invoice open Technician;4
5;Josiah;Kertzmann;MALE;2022-01-27T02:05:34;Fresh;monitor Fresh;synergies microchip open-source;Response;input;asymmetric;2022-01-27T04:04:39;red Computers program;user-centric;multi-byte redundant Planner;Liaison Investment Wooden;5
6;Nina;Parker;NONE;2022-01-27T02:25:51;generating user-centric frame;back;Maryland;neural Plains;Mouse parse Configuration;Center Wyoming Keyboard;2022-01-26T15:02:49;ability transmit;Principal yellow;Tajikistan Stand-alone;Account;6
7;Jalyn;Kohler;NONE;2022-01-26T18:08:23;Auto Optimization;Island;Designer;distributed Bridge demand-driven;Benin olive;cross-platform pink;2022-01-26T22:48:05;composite compressing;compressing Incredible;Investment;maximize;7
8;Zelma;Schumm;MALE;2022-01-26T23:45:48;Stravenue up;Developer function Sleek;neural;transmitter mobile;Handcrafted;mindshare synergy;2022-01-26T15:39:17;Chips;Technician;interface;Soft;8
9;German;Emard;NONE;2022-01-26T22:35:46;Investment Future;Paradigm reboot;bottom-line;initiative monetize multi-byte;didactic functionalities;Ville;2022-01-27T04:02:21;optimal e-markets;Customer invoice digital;PCI Key;Frozen incubate;9
10;Hortense;Corwin;MALE;2022-01-26T12:59:37;Nevada Global transmitting;frame reinvent;Officer;Frozen protocol;flexibility Strategist convergence;Refined cutting-edge up;2022-01-26T16:50:22;Steel Fantastic;morph;payment cultivate;Programmable;10
